Type,Content
Link,https://christuniversity.in/
Link,http://alumni.christuniversity.in/
Link,https://christuniversity.in/careers
Link,https://christuniversity.in/center/C/IQAC
Link,https://christuniversity.in/center/C/International-Students
Link,https://christuniversity.in/center
Link,https://christuniversity.in/naac-menu/main%20campus/general%20departments/accreditation/ODUzNQ==
Link,https://christuniversity-in.translate.goog/?_x_tr_sl=auto&_x_tr_tl=kn&_x_tr_hl=en&_x_tr_pto=wapp
Link,https://christuniversity.in/history
Link,https://christuniversity.in/logo-and-anthem
Link,https://christuniversity.in/founder
Link,https://christuniversity.in/vision
Link,https://christuniversity.in/vc
Link,https://christuniversity.in/graduate-attributes
Link,https://christuniversity.in/administration
Link,https://christuniversity.in/governance
Link,https://christuniversity.in/disclosures
Link,https://christuniversity.in/articles-by-faculty-in-media
Link,https://christuniversity.in/recognitions-and-awards
Link,https://christuniversity.in/nep-at-christ-(deemed-to-be-university)
Link,https://christuniversity.in/view-pdf/international-academic-collaborations
Link,https://christuniversity.in/accreditation-ranking-status
Link,https://christuniversity.in/departments/bangalore%20kengeri%20campus/school%20of%20architecture/school%20of%20architecture
Link,https://christuniversity.in/academics/Main-Campus/school-of-arts-and-humanities
Link,https://christuniversity.in/academics/Main-Campus/school-of-business-and-management
Link,"https://christuniversity.in/academics/Main-Campus/school-of-commerce,-finance-and-accountancy"
Link,https://christuniversity.in/departments/main campus/school of education/school of education
Link,https://christuniversity.in/academics/Bangalore-Kengeri-Campus/school-of-engineering-and-technology
Link,https://christuniversity.in/departments/main%20campus/school%20of%20law/school%20of%20law
Link,https://christuniversity.in/academics//school-of-psychological-sciences
Link,https://christuniversity.in/academics/Main-Campus/school-of-sciences
Link,https://christuniversity.in/academics/Main-Campus/school-of-social-sciences
Link,https://christuniversity.in/view-pdf/research-conduct-and-ethics-guidelines-for-faculty-and-departments
Link,https://christuniversity.in/view-pdf/research-promotion-policy
Link,https://christuniversity.in/center/O/CR
Link,https://christuniversity.in/uploads/cmsmenu/IRB_Application(Faculty)_20210811033600.docx
Link,https://christuniversity.in/uploads/cmsmenu/IRB_Application (Students)_20210222044630.docx
Link,https://christuniversity.in/center/O/IPRC/statistics
Link,https://christuniversity.in/center/O/IPRC/copyrightdetails
Link,https://christuniversity.in/workshops-and-seminars
Link,https://christuniversity.in/center/C/Research-and-Development-Cell
Link,https://christuniversity.in/central-instrumentation-facility
Link,https://christuniversity.in/view-pdf/christite2023
Link,https://christuniversity.in/view-pdf/academic-calendar-2024-25
Link,https://christuniversity.in/view-pdf/faq
Link,https://christuniversity.in/covid19-guidelines-for-students-of-bangalore-campuses
Link,https://christuniversity.in/center/C/hs/peer-education
Link,https://christuniversity.in/view-pdf/student-handbook-2024-25
Link,https://christuniversity.in/counsellors-details
Link,https://christuniversity.in/grievance-redressal
Link,https://christuniversity.in/curegulationsonsubstanceabuse
Link,https://christuniversity.in/internal-complaints-committee
Link,https://christuniversity.in/anti-ragging-cell
Link,https://christuniversity.in/s-l-equal-opportunity-cell
Link,https://christuniversity.in/s-l-internal-committee-for-differently-abled
Link,https://christuniversity.in/doctors-desk
Link,https://christuniversity.in/center/C/Scholarship-and-Fellowship-Support-Cell
Link,https://christuniversity.in/student-life/main-campus/hostel-and-dining
Link,https://christuniversity.in/alumni-certificate-request-procedure
Link,https://christuniversity.in/notices
Link,https://christuniversity.in/view-pdf/approval-to-conduct-research-in-the-campus
Link,https://christuniversity.in/view-pdf/safety-and-security-of-students-on-campus
Link,https://christuniversity.in/code-of-conduct-for-students
Link,https://christuniversity.in/center/C/Sports%20and%20Games
Link,https://christuniversity.in/center/C/CPCG
Link,https://christuniversity.in/center
Link,https://christuniversity.in/counsellor-health-services
Link,http://192.168.100.100:8090
Link,https://kp.christuniversity.in/KnowledgePro/StudentLogin.do
Link,https://kp.christuniversity.in/KnowledgePro/Login.do
Link,http://library.christuniversity.in/home.php#home
Link,https://christuniversity.in/student-web-mail
Link,https://accounts.google.com/ServiceLogin?continue=https%3A%2F%2Fmail.google.com%2Fmail%2F<mpl=default&service=mail&sacu=1&hd=christuniversity.in#identifier
Link,https://courses.christuniversity.in/login/index.php
Link,https://christuniversity.in/e-services-online-payment-portal
Link,https://christuniversity.in/nad
Link,https://christuniversity.in/academic-bank-of-credits
Link,https://samadhaan.ugc.ac.in/
Link,http://decibel.christuniversity.in/
Link,https://christuniversity.in/it-regulations
Link,https://christuniversity.in/ssl-certificates
Link,https://christuniversity.in/bangalore-central-campus
Link,https://christuniversity.in/bangalore-bannerghatta-road-campus
Link,https://christuniversity.in/bangalore-kengeri-campus
Link,https://christuniversity.in/bangalore-yeshwanthpur-campus
Link,https://christuniversity.in/delhi-ncr-campus
Link,https://christuniversity.in/pune-lavasa-campus
Link,https://christuniversity.in/how-to-reach-christ-university
Link,https://christuniversity.in/how-to-reach-christ-kengeri-campus
Link,https://christuniversity.in/how-to-reach-christ-bannerghatta-road-campus
Link,https://christuniversity.in/how-to-reach-bangalore-yeshwanthpur-campus
Link,https://lavasa.christuniversity.in/how-to-reach-pune-lavasa-campus
Link,https://ncr.christuniversity.in/how-to-reach-ncr-campus
Link,https://christuniversity.in/bangalore-guide
Link,https://christuniversity.in/noteoncurriculum-and-credit-framework-for-undergraduate-programmes
Link,https://christuniversity.in/admission-all
Link,https://christuniversity.in/cbcs-masters-programme
Link,https://christuniversity.in/center/O/CR
Link,https://christuniversity.in/2024-mba-admission-process
Link,https://christuniversity.in/2024-ugpg-sp
Link,https://christuniversity.in/application-queries
Link,https://christuniversity.in/view-pdf/cancellation1
Link,https://christuniversity.in/applyonline
Link,https://christuniversity.in/center/C/International-Students
Link,https://www.facebook.com/www.christuniversity.in/
Link,https://twitter.com/christbangalore
Link,http://christbangalore.blogspot.com/
Link,https://www.youtube.com/thechristuniversity
Link,https://play.google.com/store/apps/developer?id=Christ+University
Link,https://www.flickr.com/photos/christuniversity/albums
Link,https://www.instagram.com/christ_university_bangalore/
Link,https://in.linkedin.com/school/christ-university-bangalore/
Link,https://christuniversity.in/view-pdf/nirf-ranking-2024
Link,https://christuniversity.in/view-pdf/admissions-2024-architecture
Link,https://christuniversity.in/view-pdf/indiatodayrankings2024
Link,https://christuniversity.in/view-pdf/times-higher-education-impact-ranking-2024
Link,https://christuniversity.in/view-pdf/week-hansa
Link,https://christuniversity.in/view-pdf/wuri
Link,https://christuniversity.in/view-pdf/economic-times-:-education-excellence-awards-2024
Link,https://christuniversity.in/center/O/CR
Link,https://christuniversity.in/noteoncurriculum-and-credit-framework-for-undergraduate-programmes
Link,https://christuniversity.in/biotechnology-ignition-grant
Link,https://christuniversity.in/campus/Bangalore Bannerghatta Road Campus
Link,https://christuniversity.in/campus/Bangalore Kengeri Campus
Link,https://christuniversity.in/campus/Yeshwanthpur Campus
Link,http://ncr.christuniversity.in
Link,https://lavasa.christuniversity.in/
Link,https://christuniversity.in/all-courses
Link,https://christuniversity.in/student-life/main-campus/campus-life
Link,https://christuniversity.in/student-life/main-campus/hostel-and-dining
Link,http://library.christuniversity.in/home.php#home
Link,https://christuniversity.in/center/C/NCC-BCC
Link,https://christuniversity.in/center/C/Sports%20and%20Games
Link,https://christuniversity.in/center/C/CPCG
Link,https://christuniversity.in/center/O/CONSULTING
Link,https://christuniversity.in/center/C/hs/health-centre
Link,https://christuniversity.in/office-of-examinations
Link,https://christuniversity.in/support-and-assistance/main-campus/students-council
Link,https://christuniversity.in/center
Link,https://christuniversity.in/center/C/VWCN/tell-a-tale
Link,https://christuniversity.in/center/C/VWCN/fame-to-frame
Link,https://christuniversity.in/center/C/VWCN/lore-to-lure
Link,https://christuniversity.in/center/C/VWCN/metamorphosis
Link,https://christuniversity.in/center/C/VWCN/raconteur
Link,http://journals.christuniversity.in
Link,https://christuniversity.in/christite
Link,https://christuniversity.in/accoladechronicles
Link,https://christuniversity.in/events
Link,https://christuniversity.in/events/MTU5ODE=
Link,https://christuniversity.in/events/MTYwMDI=
Link,https://christuniversity.in/events/MTU5ODE=
Link,https://christuniversity.in/events/MTYwMDI=
Link,https://christuniversity.in/events/MTYwMjA=
Link,https://christuniversity.in/events/MTU5NTk=
Link,https://christuniversity.in/events
Link,https://christuniversity.in/center/C/International-Students
Link,https://christuniversity.in/gallery
Link,https://christuniversity.in/gallery
Link,https://christuniversity.in/view-pdf/economic-times-:-education-excellence-awards-2024
Link,https://christuniversity.in/view-pdf/wuri
Link,https://christuniversity.in/view-pdf/week-hansa
Link,https://christuniversity.in/view-pdf/times-higher-education-impact-ranking-2024
Link,https://christuniversity.in/uploads/userfiles/ranking.jpg
Link,https://christuniversity.in/uploads/userfiles/nirf_2024.pdf
Link,https://christuniversity.in/uploads/userfiles/NBA%20accreditation.pdf#brd-crmp-depp
Link,https://christuniversity.in/uploads/userfiles/unai.pdf
Link,https://christuniversity.in/uploads/userfiles/CHRIST%20SES%20REC%20CERTIFICATE%20(1)(1)(1).pdf
Link,https://christuniversity.in/uploads/userfiles/UBA%20Poster.pdf
Link,https://christuniversity.in/uploads/userfiles/naacextension.pdf
Link,https://www.facebook.com/www.christuniversity.in/?modal=admin_todo_tour
Link,https://twitter.com/christbangalore
Link,http://christbangalore.blogspot.com/
Link,https://www.youtube.com/thechristuniversity
Link,https://play.google.com/store/apps/developer?id=Christ+University
Link,https://www.flickr.com/photos/christuniversity/albums
Link,https://www.instagram.com/christ_university_bangalore/
Link,https://in.linkedin.com/school/christ-university-bangalore
Link,https://christuba.wordpress.com/
Link,https://christuniversity.in/fcra
Link,https://alumni.christuniversity.in/
Link,https://christuniversity.in/center/C/IQAC
Link,https://espro.christuniversity.in/Careers/
Link,http://library.christuniversity.in/
Link,https://christuniversity.in/center
Link,https://christuniversity.in/center/O/CR
Link,https://christuniversity.in/admission-all
Link,https://christuniversity.in/all-courses
Link,https://christuniversity.in/privacy-policy
Link,http://cloudbusinesspages.com
Link,http://initechnologies.com
Image,https://christuniversity.in/images/logo.jpg
Image,https://christuniversity.in/images/kannada.jpg
Image,https://christuniversity.in/uploads/campus/medium/1546275337_2020-12-05_12-14-28.jpg
Image,https://christuniversity.in/uploads/campus/medium/1656383149_2020-12-05_12-15-03.jpg
Image,https://christuniversity.in/uploads/campus/medium/1850061447_2020-12-05_12-15-59.jpg
Image,https://christuniversity.in/uploads/campus/medium/1453155785_2023-08-17_12-25-20.jpg
Image,https://christuniversity.in/uploads/campus/medium/524190754_2020-12-05_12-16-11.jpg
Image,https://christuniversity.in/uploads/campus/medium/1370604313_2023-06-15_11-54-29.jpg
Image,https://christuniversity.in/uploads/studentlife/thumb/campus-life_20240516121709..jpg
Image,https://christuniversity.in/uploads/studentlife/thumb/img2_20230327020428..jpg
Image,https://christuniversity.in/uploads/studentlife/thumb/library_20240516122412..jpg
Image,https://christuniversity.in/uploads/studentlife/thumb/ncc_20240516115953..jpg
Image,https://christuniversity.in/uploads/studentlife/thumb/sports-and-games_20240516123348..jpg
Image,https://christuniversity.in/uploads/aupportasistance/thumb/place_20230921045710..png
Image,https://christuniversity.in/uploads/aupportasistance/thumb/pro_support_20201201121549..png
Image,https://christuniversity.in/uploads/aupportasistance/thumb/medical_20201201125556..png
Image,https://christuniversity.in/uploads/aupportasistance/thumb/exam111_20201205042613..jpg
Image,https://christuniversity.in/uploads/aupportasistance/thumb/exam_test_20201201124657..png
Image,https://christuniversity.in/uploads/aupportasistance/thumb/cen_test_20201201011201..png
Image,https://christuniversity.in/uploads/news/thumb/Dalai Lama  DSC_0195.JPG
Image,https://christuniversity.in/uploads/news/thumb/G. Madhavan Nair DSC_1025.JPG
Image,https://christuniversity.in/uploads/news/thumb/2016-17 BGR Audi Inaug ARP_4387.JPG
Image,https://christuniversity.in/uploads/news/thumb/DSC_6287 New 1 (2).jpg
Image,https://christuniversity.in/uploads/news/thumb/43402503171_e88bd26c20_o.jpg
Image,https://christuniversity.in/uploads/news/thumb/as.jpg
Image,https://christuniversity.in/uploads/news/thumb/Abdul Kalam Visit CU 28-09-2007 DSC_0593.JPG
Image,https://christuniversity.in/uploads/news/thumb/Untitled-1 copy.jpg
Image,https://christuniversity.in/uploads/news/thumb/mym.JPG
Image,https://christuniversity.in/uploads/news/thumb/CCD01036.JPG
Image,https://christuniversity.in/uploads/news/thumb/_DSC0628 New.jpg
Image,https://christuniversity.in/uploads/news/thumb/DSC_5233.JPG
Image,https://christuniversity.in/uploads/news/thumb/15979989803_4e4687a206_o.jpg
Image,https://christuniversity.in/images/prof-1.jpg
Image,https://christuniversity.in/uploads/distinguishedandalumni/medium/jugnufinal_20230320013050..jpg
Image,https://christuniversity.in/uploads/distinguishedandalumni/medium/ravifinal_20230320121958..jpg
Image,https://christuniversity.in/uploads/distinguishedandalumni/medium/Kirshnakumarfinal_20230320122802..jpg
Image,https://christuniversity.in/uploads/distinguishedandalumni/medium/jagadeesh1-removebg-preview_20230320123056..png
Image,https://christuniversity.in/uploads/distinguishedandalumni/medium/syedaa-removebg-preview_20230320123552..png
Image,https://christuniversity.in/uploads/distinguishedandalumni/medium/haresht-removebg-preview_20230320124254..png
Image,https://christuniversity.in/uploads/distinguishedandalumni/medium/nupur2-removebg-preview_20230320125219..png
Image,https://christuniversity.in/uploads/distinguishedandalumni/medium/Abdullah_Rasheed22-removebg-preview_20230320125602..png
Image,https://christuniversity.in/uploads/distinguishedandalumni/medium/vishwakumar-removebg-preview_20230320012918..png
Image,https://christuniversity.in/uploads/distinguishedandalumni/medium/kuruvillacherian-removebg-preview_20230320013449..png
Image,https://christuniversity.in/uploads/distinguishedandalumni/medium/yateesh-removebg-preview_20230320014050..png
Image,https://christuniversity.in/uploads/distinguishedandalumni/medium/gautham1-removebg-preview_20230320031242..png
Image,https://christuniversity.in/uploads/distinguishedandalumni/medium/andrew_20230320031719..jpg
Image,https://christuniversity.in/uploads/distinguishedandalumni/medium/avinash-removebg-preview_20230320032101..png
Image,https://christuniversity.in/uploads/distinguishedandalumni/medium/sudhir-removebg-preview_20230320032408..png
Image,https://christuniversity.in/uploads/distinguishedandalumni/medium/mallikarjuna-removebg-preview_20230320033210..png
Image,https://christuniversity.in/uploads/distinguishedandalumni/medium/swethasastri-removebg-preview_20230320033935..png
Image,https://christuniversity.in/uploads/distinguishedandalumni/medium/madonna1-removebg-preview_20230320034947..png
Image,https://christuniversity.in/uploads/distinguishedandalumni/medium/bruceleemani1-removebg-preview_20230320035506..png
Image,https://christuniversity.in/uploads/distinguishedandalumni/medium/sanjaysand-removebg-preview_20230320035756..png
Image,https://christuniversity.in/uploads/distinguishedandalumni/medium/ajithnayar-removebg-preview_20230320040503..png
Image,https://christuniversity.in/uploads/distinguishedandalumni/medium/babucj-removebg-preview_20230321093355..png
Image,https://christuniversity.in/uploads/distinguishedandalumni/medium/krishnabyregowda1-removebg-preview_20230321093410..png
Image,https://christuniversity.in/uploads/distinguishedandalumni/medium/bhuvan1-removebg-preview_20230321100714..png
Image,https://christuniversity.in/uploads/distinguishedandalumni/medium/sruthihariharan-removebg-preview_20230321101535..png
Image,https://christuniversity.in/uploads/distinguishedandalumni/medium/samhornad-removebg-preview_20230321105545..png
Image,https://christuniversity.in/uploads/distinguishedandalumni/medium/yogeshb-removebg-preview_20230321105904..png
Image,https://christuniversity.in/uploads/distinguishedandalumni/medium/gaurav-removebg-preview_20230321110245..png
Image,https://christuniversity.in/uploads/distinguishedandalumni/medium/amulya-removebg-preview(1)_20230321123703..png
Image,https://christuniversity.in/uploads/distinguishedandalumni/medium/niranjan_20230321124117..jpg
Image,https://christuniversity.in/uploads/distinguishedandalumni/medium/dhanyask-removebg-preview_20230321125915..png
Image,https://christuniversity.in/uploads/distinguishedandalumni/medium/mohammedzahrian1_20230321125049..png
Image,https://christuniversity.in/uploads/distinguishedandalumni/medium/parinika-removebg-preview_20230321125858..png
Image,https://christuniversity.in/uploads/distinguishedandalumni/medium/rajeev1-removebg-preview_20230321010619..png
Image,https://christuniversity.in/uploads/distinguishedandalumni/medium/kethan-removebg-preview_20230321011153..png
Image,https://christuniversity.in/uploads/distinguishedandalumni/medium/georgepothan1-removebg-preview_20230321011731..png
Image,https://christuniversity.in/uploads/distinguishedandalumni/medium/josethomas1-removebg-preview_20230321013449..png
Image,https://christuniversity.in/uploads/distinguishedandalumni/medium/madhukeshwardesai_20230321014115..jpg
Image,https://christuniversity.in/uploads/distinguishedandalumni/medium/shilpineha-removebg-preview_20230321014736..png
Image,https://christuniversity.in/uploads/distinguishedandalumni/medium/chaithanyakm-removebg-preview_20230321015406..png
Image,https://christuniversity.in/uploads/distinguishedandalumni/medium/shilpanag1-removebg-preview_20230321020723..png
Image,https://christuniversity.in/uploads/distinguishedandalumni/medium/lucasthomas-removebg-preview_20230321021345..png
Image,https://christuniversity.in/uploads/distinguishedandalumni/medium/joeltv1-removebg-preview_20230321032843..png
Image,https://christuniversity.in/uploads/distinguishedandalumni/medium/samifaizulla-removebg-preview_20230321033343..png
Image,https://christuniversity.in/uploads/distinguishedandalumni/medium/FouziaTaranum-removebg-preview_20230321033926..png
Image,https://christuniversity.in/uploads/distinguishedandalumni/medium/kfrancisgeorge1-removebg-preview_20230321035009..png
Image,https://christuniversity.in/uploads/distinguishedandalumni/medium/mnredd2i_20230321040911..jpg
Image,https://christuniversity.in/uploads/distinguishedandalumni/medium/crrisyanth_20230321041026..jpg
Image,https://christuniversity.in/uploads/distinguishedandalumni/medium/SRIRAM SULIA_20221006052911..jpg
Image,https://christuniversity.in/uploads/distinguishedandalumni/medium/puneetkk_20230321043401..jpg
Image,https://christuniversity.in/uploads/distinguishedandalumni/medium/supriyalohi1t-removebg-preview(1)_20230321044343..png
Image,https://christuniversity.in/uploads/distinguishedandalumni/medium/srinaths1-removebg-preview_20230323103006..png
Image,https://christuniversity.in/uploads/distinguishedandalumni/medium/trishikawadiyar-removebg-preview_20230323105132..png
Image,https://christuniversity.in/uploads/distinguishedandalumni/medium/MADAN KUMAR_20221006054350..jpg
Image,https://christuniversity.in/uploads/distinguishedandalumni/medium/NEHA CADABAM_20221006054553..jpg
Image,https://christuniversity.in/uploads/distinguishedandalumni/medium/karanmachado-removebg-preview_20230323014159..png
Image,https://christuniversity.in/uploads/distinguishedandalumni/medium/monicajain-removebg-preview_20230323014431..png
Image,https://christuniversity.in/uploads/distinguishedandalumni/medium/poojachabria1-removebg-preview_20230323010111..png
Image,https://christuniversity.in/uploads/distinguishedandalumni/medium/ruben_20230323011028..jpg
Image,https://christuniversity.in/uploads/distinguishedandalumni/medium/kalmeshwar1_20230323011543..jpg
Image,https://christuniversity.in/uploads/distinguishedandalumni/medium/pradeepjohn1-removebg-preview_20230323012242..png
Image,https://christuniversity.in/uploads/distinguishedandalumni/medium/anirudh-removebg-preview_20230323012540..png
Image,https://christuniversity.in/uploads/distinguishedandalumni/medium/CHOCKO_VALLIAPPAa-removebg-preview_20230323013430..png
Image,https://christuniversity.in/uploads/distinguishedandalumni/medium/anthonyhuang-removebg-preview_20230323013734..png
Image,https://christuniversity.in/uploads/distinguishedandalumni/medium/nehacadabam1-removebg-preview_20230323125305..png
Image,https://christuniversity.in/uploads/campus/large/2059262450_2024-05-16_01-18-44.jpg
Image,https://christuniversity.in/uploads/campus/large/146353278_2024-05-16_01-02-38.jpg
Image,https://christuniversity.in/uploads/campus/large/142593266_2024-05-16_01-39-55.jpg
Image,https://christuniversity.in/uploads/campus/large/2012016161_2023-04-03_09-19-58.jpg
Image,https://christuniversity.in/uploads/campus/large/1530061857_2024-05-16_01-21-49.jpg
Image,https://christuniversity.in/uploads/campus/large/358171444_2024-05-16_01-36-20.jpg
Image,https://christuniversity.in/images/event_1.jpg
Image,https://christuniversity.in/images/event_2.jpg
Image,https://christuniversity.in/images/event_1.jpg
Image,https://christuniversity.in/images/event_2.jpg
Image,https://christuniversity.in/images/event_3.jpg
Image,https://christuniversity.in/images/event_4.jpg
Image,https://christuniversity.in/uploads/international/medium/Untitled design_20230913123053..jpg
Image,https://christuniversity.in/uploads/international/medium/is2_20240816013523..jpg
Image,https://christuniversity.in/uploads/international/medium/is1_20240816012534..jpg
Image,https://christuniversity.in/uploads/international/medium/1_20230913123242..jpg
Image,https://christuniversity.in/uploads/photogallery/large/2131050343_2024-05-16_10-04-47.jpg
Image,https://christuniversity.in/uploads/photogallery/large/1921252098_2024-05-16_12-30-09.jpg
Image,https://christuniversity.in/uploads/photogallery/large/509365530_2024-05-16_10-30-50.jpg
Image,https://christuniversity.in/uploads/photogallery/large/414274337_2024-05-16_11-47-30.jpg
Image,https://christuniversity.in/uploads/photogallery/large/1831743607_2024-05-16_10-06-00.jpg
Image,https://christuniversity.in/uploads/photogallery/large/188428814_2024-05-16_10-07-19.jpg
Image,https://christuniversity.in/uploads/photogallery/large/211507886_2024-05-16_10-22-42.jpg
Image,https://christuniversity.in/uploads/photogallery/large/583237234_2024-05-16_11-47-14.jpg
Image,https://christuniversity.in/uploads/video/thumb/1341350984_2023-01-30_01-02-54.jpg
Image,https://christuniversity.in/uploads/video/thumb/1871598372_2021-02-10_01-25-38.jpg
Image,https://christuniversity.in/uploads/video/thumb/151338434_2021-02-10_01-22-49.jpg
Image,https://christuniversity.in/uploads/video/thumb/553991252_2021-02-10_01-18-58.jpg
Image,https://christuniversity.in/uploads/video/thumb/1219167595_2021-01-28_11-23-35.png
Image,https://christuniversity.in/uploads/video/thumb/1019210682_2021-01-28_10-43-59.png
Image,https://christuniversity.in/uploads/video/thumb/711209058_2021-01-28_10-15-11.png
Image,https://christuniversity.in/uploads/video/thumb/223745836_2021-01-28_10-10-17.png
Image,https://christuniversity.in/uploads/ourachievements/medium/law_20231104011238..jpg
Image,https://christuniversity.in/uploads/ourachievements/medium/IMG-20231015-WA0059_20231104010014..jpg
Image,https://christuniversity.in/uploads/satisticsdetails/banner/2122370753_2024-06-21_03-36-46.jpg
Image,https://christuniversity.in/uploads/satisticsdetails/banner/531687619_2024-06-21_03-34-51.jpg
Image,https://christuniversity.in/uploads/satisticsdetails/banner/853201652_2024-06-21_03-31-36.jpg
Image,https://christuniversity.in/uploads/satisticsdetails/banner/10015910_2024-06-21_03-30-03.png
Image,https://christuniversity.in/uploads/satisticsdetails/banner/383049954_2023-10-05_03-02-27.jpg
Image,https://christuniversity.in/uploads/satisticsdetails/banner/1604327077_2022-07-18_10-08-41.jpg
Image,https://christuniversity.in/uploads/satisticsdetails/banner/606547074_2022-06-20_10-47-15.jpg
Image,https://christuniversity.in/uploads/satisticsdetails/banner/1533071251_2022-06-17_04-38-38.jpg
Image,https://christuniversity.in/uploads/satisticsdetails/banner/427300059_2022-06-17_04-34-15.jpg
Image,https://christuniversity.in/uploads/satisticsdetails/banner/1165203809_2022-06-17_04-28-24.jpg
Image,https://christuniversity.in/uploads/satisticsdetails/banner/1285361129_2022-06-17_04-04-29.jpg
Image,https://christuniversity.in/images/social-icons-1.png
Image,https://christuniversity.in/images/social-icons-2.png
Image,https://christuniversity.in/images/social-icons-3.png
Image,https://christuniversity.in/images/social-icons-4.png
Image,https://christuniversity.in/images/social-icons-5.png
Image,https://christuniversity.in/images/social-icons-6.png
Image,https://christuniversity.in/images/social-icons-7.png
Image,https://christuniversity.in/images/social-icons-8.png
